coverage,accuracy_shifted
0.0005,1.0000
0.0011,1.0000
0.0016,1.0000
0.0021,1.0000
0.0026,1.0000
0.0032,1.0000
0.0037,1.0000
0.0042,1.0000
0.0047,1.0000
0.0053,1.0000
0.0058,1.0000
0.0063,1.0000
0.0069,1.0000
0.0074,1.0000
0.0079,1.0000
0.0084,1.0000
0.0090,1.0000
0.0095,1.0000
0.0100,1.0000
0.0105,1.0000
0.0111,1.0000
0.0116,1.0000
0.0121,1.0000
0.0127,1.0000
0.0132,1.0000
0.0137,1.0000
0.0142,1.0000
0.0148,1.0000
0.0153,1.0000
0.0158,1.0000
0.0164,1.0000
0.0169,1.0000
0.0174,1.0000
0.0179,1.0000
0.0185,1.0000
0.0190,1.0000
0.0195,1.0000
0.0200,1.0000
0.0206,1.0000
0.0211,1.0000
0.0216,1.0000
0.0222,1.0000
0.0227,1.0000
0.0232,1.0000
0.0237,1.0000
0.0243,1.0000
0.0248,1.0000
0.0253,1.0000
0.0258,1.0000
0.0264,1.0000
0.0269,1.0000
0.0274,1.0000
0.0280,1.0000
0.0285,1.0000
0.0290,1.0000
0.0295,1.0000
0.0301,1.0000
0.0306,1.0000
0.0311,1.0000
0.0316,1.0000
0.0322,1.0000
0.0327,1.0000
0.0332,1.0000
0.0338,1.0000
0.0343,1.0000
0.0348,1.0000
0.0353,1.0000
0.0359,1.0000
0.0364,1.0000
0.0369,1.0000
0.0374,1.0000
0.0380,1.0000
0.0385,1.0000
0.0390,1.0000
0.0396,1.0000
0.0401,1.0000
0.0406,1.0000
0.0411,1.0000
0.0417,1.0000
0.0422,1.0000
0.0427,1.0000
0.0432,1.0000
0.0438,1.0000
0.0443,1.0000
0.0448,1.0000
0.0454,1.0000
0.0459,1.0000
0.0464,1.0000
0.0469,1.0000
0.0475,1.0000
0.0480,1.0000
0.0485,1.0000
0.0491,1.0000
0.0496,1.0000
0.0501,1.0000
0.0506,1.0000
0.0512,1.0000
0.0517,1.0000
0.0522,1.0000
0.0527,1.0000
0.0533,1.0000
0.0538,1.0000
0.0543,1.0000
0.0549,1.0000
0.0554,1.0000
0.0559,1.0000
0.0564,1.0000
0.0570,1.0000
0.0575,1.0000
0.0580,1.0000
0.0585,1.0000
0.0591,1.0000
0.0596,1.0000
0.0601,1.0000
0.0607,1.0000
0.0612,1.0000
0.0617,1.0000
0.0622,1.0000
0.0628,1.0000
0.0633,1.0000
0.0638,1.0000
0.0643,1.0000
0.0649,1.0000
0.0654,1.0000
0.0659,1.0000
0.0665,1.0000
0.0670,1.0000
0.0675,1.0000
0.0680,1.0000
0.0686,1.0000
0.0691,1.0000
0.0696,1.0000
0.0701,1.0000
0.0707,1.0000
0.0712,1.0000
0.0717,1.0000
0.0723,1.0000
0.0728,1.0000
0.0733,1.0000
0.0738,1.0000
0.0744,1.0000
0.0749,1.0000
0.0754,1.0000
0.0759,1.0000
0.0765,1.0000
0.0770,1.0000
0.0775,1.0000
0.0781,1.0000
0.0786,1.0000
0.0791,1.0000
0.0796,1.0000
0.0802,1.0000
0.0807,1.0000
0.0812,1.0000
0.0818,1.0000
0.0823,1.0000
0.0828,1.0000
0.0833,1.0000
0.0839,1.0000
0.0844,1.0000
0.0849,1.0000
0.0854,1.0000
0.0860,1.0000
0.0865,1.0000
0.0870,1.0000
0.0876,1.0000
0.0881,1.0000
0.0886,1.0000
0.0891,1.0000
0.0897,1.0000
0.0902,1.0000
0.0907,1.0000
0.0912,1.0000
0.0918,1.0000
0.0923,1.0000
0.0928,1.0000
0.0934,1.0000
0.0939,1.0000
0.0944,1.0000
0.0949,1.0000
0.0955,1.0000
0.0960,1.0000
0.0965,1.0000
0.0970,1.0000
0.0976,1.0000
0.0981,1.0000
0.0986,1.0000
0.0992,1.0000
0.0997,1.0000
0.1002,1.0000
0.1007,1.0000
0.1013,1.0000
0.1018,1.0000
0.1023,1.0000
0.1028,1.0000
0.1034,1.0000
0.1039,1.0000
0.1044,1.0000
0.1050,1.0000
0.1055,1.0000
0.1060,1.0000
0.1065,1.0000
0.1071,1.0000
0.1076,1.0000
0.1081,1.0000
0.1086,1.0000
0.1092,1.0000
0.1097,1.0000
0.1102,1.0000
0.1108,1.0000
0.1113,1.0000
0.1118,1.0000
0.1123,1.0000
0.1129,1.0000
0.1134,1.0000
0.1139,1.0000
0.1145,1.0000
0.1150,1.0000
0.1155,1.0000
0.1160,1.0000
0.1166,1.0000
0.1171,1.0000
0.1176,1.0000
0.1181,1.0000
0.1187,1.0000
0.1192,1.0000
0.1197,1.0000
0.1203,1.0000
0.1208,1.0000
0.1213,1.0000
0.1218,1.0000
0.1224,1.0000
0.1229,1.0000
0.1234,1.0000
0.1239,1.0000
0.1245,1.0000
0.1250,1.0000
0.1255,1.0000
0.1261,1.0000
0.1266,1.0000
0.1271,1.0000
0.1276,1.0000
0.1282,1.0000
0.1287,1.0000
0.1292,1.0000
0.1297,1.0000
0.1303,1.0000
0.1308,1.0000
0.1313,1.0000
0.1319,1.0000
0.1324,1.0000
0.1329,1.0000
0.1334,1.0000
0.1340,1.0000
0.1345,1.0000
0.1350,1.0000
0.1355,1.0000
0.1361,1.0000
0.1366,1.0000
0.1371,1.0000
0.1377,1.0000
0.1382,1.0000
0.1387,1.0000
0.1392,1.0000
0.1398,1.0000
0.1403,1.0000
0.1408,1.0000
0.1414,1.0000
0.1419,1.0000
0.1424,1.0000
0.1429,1.0000
0.1435,1.0000
0.1440,1.0000
0.1445,1.0000
0.1450,1.0000
0.1456,1.0000
0.1461,1.0000
0.1466,1.0000
0.1472,1.0000
0.1477,1.0000
0.1482,1.0000
0.1487,1.0000
0.1493,1.0000
0.1498,1.0000
0.1503,1.0000
0.1508,1.0000
0.1514,1.0000
0.1519,1.0000
0.1524,1.0000
0.1530,1.0000
0.1535,1.0000
0.1540,1.0000
0.1545,1.0000
0.1551,1.0000
0.1556,1.0000
0.1561,1.0000
0.1566,1.0000
0.1572,1.0000
0.1577,1.0000
0.1582,1.0000
0.1588,1.0000
0.1593,1.0000
0.1598,1.0000
0.1603,1.0000
0.1609,1.0000
0.1614,1.0000
0.1619,1.0000
0.1624,1.0000
0.1630,1.0000
0.1635,1.0000
0.1640,1.0000
0.1646,1.0000
0.1651,1.0000
0.1656,1.0000
0.1661,1.0000
0.1667,1.0000
0.1672,1.0000
0.1677,1.0000
0.1682,1.0000
0.1688,1.0000
0.1693,1.0000
0.1698,1.0000
0.1704,1.0000
0.1709,1.0000
0.1714,1.0000
0.1719,1.0000
0.1725,1.0000
0.1730,1.0000
0.1735,1.0000
0.1741,1.0000
0.1746,1.0000
0.1751,1.0000
0.1756,1.0000
0.1762,1.0000
0.1767,1.0000
0.1772,1.0000
0.1777,1.0000
0.1783,1.0000
0.1788,1.0000
0.1793,1.0000
0.1799,1.0000
0.1804,1.0000
0.1809,1.0000
0.1814,1.0000
0.1820,1.0000
0.1825,1.0000
0.1830,1.0000
0.1835,1.0000
0.1841,1.0000
0.1846,1.0000
0.1851,1.0000
0.1857,1.0000
0.1862,1.0000
0.1867,1.0000
0.1872,1.0000
0.1878,1.0000
0.1883,1.0000
0.1888,1.0000
0.1893,1.0000
0.1899,1.0000
0.1904,1.0000
0.1909,1.0000
0.1915,1.0000
0.1920,1.0000
0.1925,1.0000
0.1930,1.0000
0.1936,1.0000
0.1941,1.0000
0.1946,1.0000
0.1951,1.0000
0.1957,1.0000
0.1962,1.0000
0.1967,1.0000
0.1973,1.0000
0.1978,1.0000
0.1983,1.0000
0.1988,1.0000
0.1994,1.0000
0.1999,1.0000
0.2004,1.0000
0.2009,1.0000
0.2015,1.0000
0.2020,1.0000
0.2025,1.0000
0.2031,1.0000
0.2036,1.0000
0.2041,1.0000
0.2046,1.0000
0.2052,1.0000
0.2057,1.0000
0.2062,1.0000
0.2068,1.0000
0.2073,1.0000
0.2078,1.0000
0.2083,1.0000
0.2089,1.0000
0.2094,1.0000
0.2099,1.0000
0.2104,1.0000
0.2110,1.0000
0.2115,1.0000
0.2120,1.0000
0.2126,1.0000
0.2131,1.0000
0.2136,1.0000
0.2141,1.0000
0.2147,1.0000
0.2152,1.0000
0.2157,1.0000
0.2162,1.0000
0.2168,1.0000
0.2173,1.0000
0.2178,1.0000
0.2184,1.0000
0.2189,1.0000
0.2194,1.0000
0.2199,1.0000
0.2205,1.0000
0.2210,1.0000
0.2215,1.0000
0.2220,1.0000
0.2226,1.0000
0.2231,1.0000
0.2236,1.0000
0.2242,1.0000
0.2247,1.0000
0.2252,1.0000
0.2257,1.0000
0.2263,1.0000
0.2268,1.0000
0.2273,1.0000
0.2278,1.0000
0.2284,1.0000
0.2289,1.0000
0.2294,1.0000
0.2300,1.0000
0.2305,1.0000
0.2310,1.0000
0.2315,1.0000
0.2321,1.0000
0.2326,1.0000
0.2331,1.0000
0.2336,1.0000
0.2342,1.0000
0.2347,1.0000
0.2352,1.0000
0.2358,1.0000
0.2363,1.0000
0.2368,1.0000
0.2373,1.0000
0.2379,1.0000
0.2384,1.0000
0.2389,1.0000
0.2395,1.0000
0.2400,1.0000
0.2405,1.0000
0.2410,1.0000
0.2416,1.0000
0.2421,1.0000
0.2426,1.0000
0.2431,1.0000
0.2437,1.0000
0.2442,1.0000
0.2447,1.0000
0.2453,1.0000
0.2458,1.0000
0.2463,1.0000
0.2468,1.0000
0.2474,1.0000
0.2479,1.0000
0.2484,1.0000
0.2489,1.0000
0.2495,1.0000
0.2500,1.0000
0.2505,1.0000
0.2511,1.0000
0.2516,1.0000
0.2521,1.0000
0.2526,1.0000
0.2532,1.0000
0.2537,1.0000
0.2542,1.0000
0.2547,1.0000
0.2553,1.0000
0.2558,1.0000
0.2563,1.0000
0.2569,1.0000
0.2574,1.0000
0.2579,1.0000
0.2584,1.0000
0.2590,1.0000
0.2595,1.0000
0.2600,1.0000
0.2605,1.0000
0.2611,1.0000
0.2616,1.0000
0.2621,1.0000
0.2627,1.0000
0.2632,1.0000
0.2637,1.0000
0.2642,1.0000
0.2648,1.0000
0.2653,1.0000
0.2658,1.0000
0.2664,1.0000
0.2669,1.0000
0.2674,1.0000
0.2679,1.0000
0.2685,1.0000
0.2690,1.0000
0.2695,1.0000
0.2700,1.0000
0.2706,1.0000
0.2711,1.0000
0.2716,1.0000
0.2722,1.0000
0.2727,1.0000
0.2732,1.0000
0.2737,1.0000
0.2743,1.0000
0.2748,1.0000
0.2753,1.0000
0.2758,1.0000
0.2764,1.0000
0.2769,1.0000
0.2774,1.0000
0.2780,1.0000
0.2785,1.0000
0.2790,1.0000
0.2795,1.0000
0.2801,1.0000
0.2806,1.0000
0.2811,1.0000
0.2816,1.0000
0.2822,1.0000
0.2827,1.0000
0.2832,1.0000
0.2838,1.0000
0.2843,1.0000
0.2848,1.0000
0.2853,1.0000
0.2859,1.0000
0.2864,1.0000
0.2869,1.0000
0.2874,1.0000
0.2880,1.0000
0.2885,1.0000
0.2890,1.0000
0.2896,1.0000
0.2901,1.0000
0.2906,1.0000
0.2911,1.0000
0.2917,1.0000
0.2922,1.0000
0.2927,1.0000
0.2932,1.0000
0.2938,1.0000
0.2943,1.0000
0.2948,1.0000
0.2954,1.0000
0.2959,1.0000
0.2964,1.0000
0.2969,1.0000
0.2975,1.0000
0.2980,1.0000
0.2985,1.0000
0.2991,1.0000
0.2996,1.0000
0.3001,1.0000
0.3006,1.0000
0.3012,1.0000
0.3017,1.0000
0.3022,1.0000
0.3027,1.0000
0.3033,1.0000
0.3038,1.0000
0.3043,1.0000
0.3049,1.0000
0.3054,1.0000
0.3059,0.9983
0.3064,0.9983
0.3070,0.9983
0.3075,0.9983
0.3080,0.9983
0.3085,0.9983
0.3091,0.9983
0.3096,0.9983
0.3101,0.9983
0.3107,0.9983
0.3112,0.9983
0.3117,0.9983
0.3122,0.9983
0.3128,0.9983
0.3133,0.9983
0.3138,0.9983
0.3143,0.9983
0.3149,0.9983
0.3154,0.9983
0.3159,0.9983
0.3165,0.9983
0.3170,0.9983
0.3175,0.9983
0.3180,0.9983
0.3186,0.9983
0.3191,0.9983
0.3196,0.9983
0.3201,0.9984
0.3207,0.9984
0.3212,0.9984
0.3217,0.9984
0.3223,0.9984
0.3228,0.9984
0.3233,0.9984
0.3238,0.9984
0.3244,0.9984
0.3249,0.9984
0.3254,0.9984
0.3259,0.9984
0.3265,0.9984
0.3270,0.9984
0.3275,0.9984
0.3281,0.9984
0.3286,0.9984
0.3291,0.9984
0.3296,0.9984
0.3302,0.9984
0.3307,0.9984
0.3312,0.9984
0.3318,0.9984
0.3323,0.9984
0.3328,0.9984
0.3333,0.9984
0.3339,0.9984
0.3344,0.9984
0.3349,0.9984
0.3354,0.9984
0.3360,0.9984
0.3365,0.9984
0.3370,0.9969
0.3376,0.9969
0.3381,0.9969
0.3386,0.9969
0.3391,0.9969
0.3397,0.9969
0.3402,0.9969
0.3407,0.9969
0.3412,0.9969
0.3418,0.9969
0.3423,0.9969
0.3428,0.9969
0.3434,0.9969
0.3439,0.9969
0.3444,0.9969
0.3449,0.9969
0.3455,0.9969
0.3460,0.9970
0.3465,0.9970
0.3470,0.9970
0.3476,0.9970
0.3481,0.9970
0.3486,0.9970
0.3492,0.9970
0.3497,0.9955
0.3502,0.9955
0.3507,0.9955
0.3513,0.9955
0.3518,0.9955
0.3523,0.9955
0.3528,0.9955
0.3534,0.9955
0.3539,0.9955
0.3544,0.9955
0.3550,0.9955
0.3555,0.9955
0.3560,0.9956
0.3565,0.9956
0.3571,0.9956
0.3576,0.9956
0.3581,0.9956
0.3586,0.9956
0.3592,0.9956
0.3597,0.9956
0.3602,0.9956
0.3608,0.9956
0.3613,0.9956
0.3618,0.9956
0.3623,0.9956
0.3629,0.9956
0.3634,0.9956
0.3639,0.9957
0.3645,0.9957
0.3650,0.9957
0.3655,0.9957
0.3660,0.9957
0.3666,0.9957
0.3671,0.9957
0.3676,0.9957
0.3681,0.9957
0.3687,0.9957
0.3692,0.9957
0.3697,0.9957
0.3703,0.9957
0.3708,0.9957
0.3713,0.9957
0.3718,0.9957
0.3724,0.9958
0.3729,0.9958
0.3734,0.9958
0.3739,0.9958
0.3745,0.9958
0.3750,0.9958
0.3755,0.9958
0.3761,0.9958
0.3766,0.9958
0.3771,0.9958
0.3776,0.9958
0.3782,0.9958
0.3787,0.9958
0.3792,0.9958
0.3797,0.9958
0.3803,0.9958
0.3808,0.9958
0.3813,0.9959
0.3819,0.9959
0.3824,0.9959
0.3829,0.9959
0.3834,0.9959
0.3840,0.9959
0.3845,0.9959
0.3850,0.9959
0.3855,0.9959
0.3861,0.9959
0.3866,0.9959
0.3871,0.9959
0.3877,0.9959
0.3882,0.9959
0.3887,0.9959
0.3892,0.9959
0.3898,0.9959
0.3903,0.9959
0.3908,0.9960
0.3914,0.9960
0.3919,0.9960
0.3924,0.9946
0.3929,0.9946
0.3935,0.9946
0.3940,0.9933
0.3945,0.9933
0.3950,0.9933
0.3956,0.9920
0.3961,0.9920
0.3966,0.9920
0.3972,0.9920
0.3977,0.9920
0.3982,0.9921
0.3987,0.9921
0.3993,0.9921
0.3998,0.9921
0.4003,0.9921
0.4008,0.9921
0.4014,0.9921
0.4019,0.9921
0.4024,0.9921
0.4030,0.9921
0.4035,0.9922
0.4040,0.9922
0.4045,0.9922
0.4051,0.9922
0.4056,0.9909
0.4061,0.9909
0.4066,0.9909
0.4072,0.9909
0.4077,0.9909
0.4082,0.9910
0.4088,0.9910
0.4093,0.9910
0.4098,0.9910
0.4103,0.9910
0.4109,0.9910
0.4114,0.9910
0.4119,0.9910
0.4124,0.9910
0.4130,0.9911
0.4135,0.9911
0.4140,0.9911
0.4146,0.9911
0.4151,0.9911
0.4156,0.9911
0.4161,0.9911
0.4167,0.9911
0.4172,0.9912
0.4177,0.9912
0.4182,0.9912
0.4188,0.9912
0.4193,0.9899
0.4198,0.9899
0.4204,0.9887
0.4209,0.9887
0.4214,0.9887
0.4219,0.9888
0.4225,0.9888
0.4230,0.9888
0.4235,0.9888
0.4241,0.9888
0.4246,0.9888
0.4251,0.9888
0.4256,0.9888
0.4262,0.9889
0.4267,0.9889
0.4272,0.9889
0.4277,0.9889
0.4283,0.9877
0.4288,0.9877
0.4293,0.9877
0.4299,0.9877
0.4304,0.9877
0.4309,0.9878
0.4314,0.9878
0.4320,0.9878
0.4325,0.9878
0.4330,0.9878
0.4335,0.9878
0.4341,0.9878
0.4346,0.9879
0.4351,0.9879
0.4357,0.9879
0.4362,0.9879
0.4367,0.9879
0.4372,0.9879
0.4378,0.9880
0.4383,0.9880
0.4388,0.9880
0.4393,0.9880
0.4399,0.9880
0.4404,0.9880
0.4409,0.9880
0.4415,0.9881
0.4420,0.9881
0.4425,0.9881
0.4430,0.9881
0.4436,0.9881
0.4441,0.9881
0.4446,0.9881
0.4451,0.9882
0.4457,0.9882
0.4462,0.9882
0.4467,0.9882
0.4473,0.9882
0.4478,0.9882
0.4483,0.9882
0.4488,0.9882
0.4494,0.9883
0.4499,0.9883
0.4504,0.9883
0.4509,0.9883
0.4515,0.9871
0.4520,0.9872
0.4525,0.9872
0.4531,0.9872
0.4536,0.9872
0.4541,0.9872
0.4546,0.9872
0.4552,0.9873
0.4557,0.9873
0.4562,0.9873
0.4568,0.9861
0.4573,0.9862
0.4578,0.9862
0.4583,0.9862
0.4589,0.9862
0.4594,0.9862
0.4599,0.9862
0.4604,0.9863
0.4610,0.9863
0.4615,0.9863
0.4620,0.9863
0.4626,0.9863
0.4631,0.9863
0.4636,0.9863
0.4641,0.9864
0.4647,0.9864
0.4652,0.9864
0.4657,0.9864
0.4662,0.9864
0.4668,0.9864
0.4673,0.9865
0.4678,0.9865
0.4684,0.9865
0.4689,0.9865
0.4694,0.9865
0.4699,0.9865
0.4705,0.9865
0.4710,0.9866
0.4715,0.9866
0.4720,0.9866
0.4726,0.9866
0.4731,0.9866
0.4736,0.9866
0.4742,0.9867
0.4747,0.9867
0.4752,0.9867
0.4757,0.9867
0.4763,0.9867
0.4768,0.9856
0.4773,0.9856
0.4778,0.9857
0.4784,0.9857
0.4789,0.9857
0.4794,0.9857
0.4800,0.9857
0.4805,0.9857
0.4810,0.9857
0.4815,0.9858
0.4821,0.9858
0.4826,0.9858
0.4831,0.9858
0.4836,0.9858
0.4842,0.9858
0.4847,0.9859
0.4852,0.9859
0.4858,0.9848
0.4863,0.9848
0.4868,0.9837
0.4873,0.9838
0.4879,0.9838
0.4884,0.9838
0.4889,0.9838
0.4895,0.9838
0.4900,0.9839
0.4905,0.9839
0.4910,0.9839
0.4916,0.9839
0.4921,0.9839
0.4926,0.9839
0.4931,0.9840
0.4937,0.9829
0.4942,0.9819
0.4947,0.9819
0.4953,0.9819
0.4958,0.9819
0.4963,0.9819
0.4968,0.9809
0.4974,0.9809
0.4979,0.9809
0.4984,0.9810
0.4989,0.9810
0.4995,0.9810
0.5000,0.9810
0.5005,0.9810
0.5011,0.9800
0.5016,0.9800
0.5021,0.9800
0.5026,0.9790
0.5032,0.9790
0.5037,0.9791
0.5042,0.9791
0.5047,0.9791
0.5053,0.9791
0.5058,0.9791
0.5063,0.9792
0.5069,0.9792
0.5074,0.9782
0.5079,0.9782
0.5084,0.9782
0.5090,0.9772
0.5095,0.9772
0.5100,0.9772
0.5105,0.9773
0.5111,0.9773
0.5116,0.9763
0.5121,0.9763
0.5127,0.9763
0.5132,0.9764
0.5137,0.9764
0.5142,0.9764
0.5148,0.9754
0.5153,0.9754
0.5158,0.9755
0.5164,0.9755
0.5169,0.9755
0.5174,0.9755
0.5179,0.9756
0.5185,0.9756
0.5190,0.9756
0.5195,0.9756
0.5200,0.9746
0.5206,0.9737
0.5211,0.9737
0.5216,0.9737
0.5222,0.9737
0.5227,0.9738
0.5232,0.9728
0.5237,0.9728
0.5243,0.9728
0.5248,0.9729
0.5253,0.9719
0.5258,0.9719
0.5264,0.9719
0.5269,0.9720
0.5274,0.9720
0.5280,0.9720
0.5285,0.9721
0.5290,0.9721
0.5295,0.9721
0.5301,0.9721
0.5306,0.9712
0.5311,0.9712
0.5316,0.9712
0.5322,0.9713
0.5327,0.9713
0.5332,0.9713
0.5338,0.9713
0.5343,0.9714
0.5348,0.9714
0.5353,0.9704
0.5359,0.9705
0.5364,0.9695
0.5369,0.9695
0.5374,0.9696
0.5380,0.9696
0.5385,0.9696
0.5390,0.9697
0.5396,0.9687
0.5401,0.9688
0.5406,0.9688
0.5411,0.9688
0.5417,0.9688
0.5422,0.9689
0.5427,0.9689
0.5432,0.9680
0.5438,0.9670
0.5443,0.9671
0.5448,0.9671
0.5454,0.9671
0.5459,0.9671
0.5464,0.9672
0.5469,0.9672
0.5475,0.9672
0.5480,0.9673
0.5485,0.9673
0.5491,0.9673
0.5496,0.9674
0.5501,0.9674
0.5506,0.9674
0.5512,0.9675
0.5517,0.9675
0.5522,0.9666
0.5527,0.9666
0.5533,0.9666
0.5538,0.9667
0.5543,0.9667
0.5549,0.9667
0.5554,0.9668
0.5559,0.9668
0.5564,0.9668
0.5570,0.9669
0.5575,0.9669
0.5580,0.9669
0.5585,0.9669
0.5591,0.9670
0.5596,0.9661
0.5601,0.9652
0.5607,0.9652
0.5612,0.9643
0.5617,0.9643
0.5622,0.9644
0.5628,0.9644
0.5633,0.9644
0.5638,0.9645
0.5643,0.9645
0.5649,0.9645
0.5654,0.9646
0.5659,0.9646
0.5665,0.9637
0.5670,0.9628
0.5675,0.9628
0.5680,0.9629
0.5686,0.9629
0.5691,0.9629
0.5696,0.9630
0.5701,0.9630
0.5707,0.9630
0.5712,0.9621
0.5717,0.9613
0.5723,0.9613
0.5728,0.9613
0.5733,0.9604
0.5738,0.9605
0.5744,0.9605
0.5749,0.9606
0.5754,0.9597
0.5759,0.9597
0.5765,0.9588
0.5770,0.9589
0.5775,0.9580
0.5781,0.9580
0.5786,0.9581
0.5791,0.9581
0.5796,0.9572
0.5802,0.9573
0.5807,0.9573
0.5812,0.9564
0.5818,0.9565
0.5823,0.9556
0.5828,0.9557
0.5833,0.9557
0.5839,0.9548
0.5844,0.9540
0.5849,0.9540
0.5854,0.9541
0.5860,0.9532
0.5865,0.9532
0.5870,0.9533
0.5876,0.9533
0.5881,0.9525
0.5886,0.9525
0.5891,0.9526
0.5897,0.9526
0.5902,0.9526
0.5907,0.9518
0.5912,0.9509
0.5918,0.9510
0.5923,0.9501
0.5928,0.9502
0.5934,0.9502
0.5939,0.9503
0.5944,0.9503
0.5949,0.9504
0.5955,0.9504
0.5960,0.9496
0.5965,0.9496
0.5970,0.9496
0.5976,0.9497
0.5981,0.9497
0.5986,0.9498
0.5992,0.9498
0.5997,0.9499
0.6002,0.9499
0.6007,0.9500
0.6013,0.9491
0.6018,0.9492
0.6023,0.9492
0.6028,0.9493
0.6034,0.9493
0.6039,0.9485
0.6044,0.9485
0.6050,0.9486
0.6055,0.9477
0.6060,0.9469
0.6065,0.9470
0.6071,0.9470
0.6076,0.9462
0.6081,0.9462
0.6086,0.9454
0.6092,0.9446
0.6097,0.9446
0.6102,0.9447
0.6108,0.9447
0.6113,0.9448
0.6118,0.9448
0.6123,0.9440
0.6129,0.9432
0.6134,0.9433
0.6139,0.9433
0.6145,0.9433
0.6150,0.9434
0.6155,0.9426
0.6160,0.9418
0.6166,0.9418
0.6171,0.9419
0.6176,0.9419
0.6181,0.9411
0.6187,0.9412
0.6192,0.9412
0.6197,0.9404
0.6203,0.9396
0.6208,0.9397
0.6213,0.9389
0.6218,0.9389
0.6224,0.9390
0.6229,0.9390
0.6234,0.9382
0.6239,0.9374
0.6245,0.9375
0.6250,0.9376
0.6255,0.9368
0.6261,0.9360
0.6266,0.9360
0.6271,0.9361
0.6276,0.9361
0.6282,0.9362
0.6287,0.9362
0.6292,0.9363
0.6297,0.9355
0.6303,0.9356
0.6308,0.9356
0.6313,0.9357
0.6319,0.9357
0.6324,0.9358
0.6329,0.9350
0.6334,0.9351
0.6340,0.9351
0.6345,0.9343
0.6350,0.9344
0.6355,0.9344
0.6361,0.9337
0.6366,0.9337
0.6371,0.9338
0.6377,0.9338
0.6382,0.9339
0.6387,0.9339
0.6392,0.9340
0.6398,0.9340
0.6403,0.9333
0.6408,0.9333
0.6414,0.9334
0.6419,0.9334
0.6424,0.9335
0.6429,0.9336
0.6435,0.9328
0.6440,0.9328
0.6445,0.9321
0.6450,0.9321
0.6456,0.9322
0.6461,0.9314
0.6466,0.9307
0.6472,0.9307
0.6477,0.9308
0.6482,0.9308
0.6487,0.9309
0.6493,0.9310
0.6498,0.9310
0.6503,0.9303
0.6508,0.9295
0.6514,0.9296
0.6519,0.9296
0.6524,0.9297
0.6530,0.9297
0.6535,0.9298
0.6540,0.9298
0.6545,0.9299
0.6551,0.9291
0.6556,0.9292
0.6561,0.9293
0.6566,0.9293
0.6572,0.9286
0.6577,0.9278
0.6582,0.9271
0.6588,0.9271
0.6593,0.9272
0.6598,0.9273
0.6603,0.9265
0.6609,0.9266
0.6614,0.9258
0.6619,0.9251
0.6624,0.9252
0.6630,0.9252
0.6635,0.9253
0.6640,0.9253
0.6646,0.9254
0.6651,0.9247
0.6656,0.9239
0.6661,0.9240
0.6667,0.9233
0.6672,0.9233
0.6677,0.9226
0.6682,0.9227
0.6688,0.9219
0.6693,0.9212
0.6698,0.9213
0.6704,0.9205
0.6709,0.9206
0.6714,0.9207
0.6719,0.9207
0.6725,0.9208
0.6730,0.9201
0.6735,0.9201
0.6741,0.9202
0.6746,0.9203
0.6751,0.9203
0.6756,0.9204
0.6762,0.9204
0.6767,0.9205
0.6772,0.9206
0.6777,0.9198
0.6783,0.9199
0.6788,0.9200
0.6793,0.9200
0.6799,0.9193
0.6804,0.9194
0.6809,0.9194
0.6814,0.9195
0.6820,0.9196
0.6825,0.9189
0.6830,0.9189
0.6835,0.9190
0.6841,0.9190
0.6846,0.9191
0.6851,0.9184
0.6857,0.9185
0.6862,0.9185
0.6867,0.9178
0.6872,0.9171
0.6878,0.9172
0.6883,0.9165
0.6888,0.9158
0.6893,0.9151
0.6899,0.9151
0.6904,0.9152
0.6909,0.9153
0.6915,0.9153
0.6920,0.9154
0.6925,0.9147
0.6930,0.9148
0.6936,0.9148
0.6941,0.9149
0.6946,0.9150
0.6951,0.9150
0.6957,0.9151
0.6962,0.9152
0.6967,0.9145
0.6973,0.9145
0.6978,0.9138
0.6983,0.9139
0.6988,0.9140
0.6994,0.9133
0.6999,0.9133
0.7004,0.9134
0.7009,0.9127
0.7015,0.9128
0.7020,0.9128
0.7025,0.9129
0.7031,0.9130
0.7036,0.9130
0.7041,0.9131
0.7046,0.9132
0.7052,0.9132
0.7057,0.9133
0.7062,0.9126
0.7068,0.9127
0.7073,0.9128
0.7078,0.9128
0.7083,0.9129
0.7089,0.9129
0.7094,0.9123
0.7099,0.9123
0.7104,0.9124
0.7110,0.9125
0.7115,0.9118
0.7120,0.9119
0.7126,0.9119
0.7131,0.9120
0.7136,0.9120
0.7141,0.9121
0.7147,0.9122
0.7152,0.9122
0.7157,0.9123
0.7162,0.9116
0.7168,0.9117
0.7173,0.9118
0.7178,0.9111
0.7184,0.9112
0.7189,0.9105
0.7194,0.9106
0.7199,0.9099
0.7205,0.9100
0.7210,0.9100
0.7215,0.9094
0.7220,0.9094
0.7226,0.9095
0.7231,0.9096
0.7236,0.9089
0.7242,0.9082
0.7247,0.9076
0.7252,0.9076
0.7257,0.9077
0.7263,0.9070
0.7268,0.9071
0.7273,0.9072
0.7278,0.9072
0.7284,0.9066
0.7289,0.9067
0.7294,0.9067
0.7300,0.9068
0.7305,0.9069
0.7310,0.9069
0.7315,0.9063
0.7321,0.9063
0.7326,0.9064
0.7331,0.9058
0.7336,0.9058
0.7342,0.9059
0.7347,0.9060
0.7352,0.9060
0.7358,0.9061
0.7363,0.9054
0.7368,0.9048
0.7373,0.9049
0.7379,0.9049
0.7384,0.9050
0.7389,0.9051
0.7395,0.9044
0.7400,0.9045
0.7405,0.9046
0.7410,0.9039
0.7416,0.9033
0.7421,0.9033
0.7426,0.9034
0.7431,0.9035
0.7437,0.9035
0.7442,0.9036
0.7447,0.9030
0.7453,0.9023
0.7458,0.9024
0.7463,0.9025
0.7468,0.9025
0.7474,0.9026
0.7479,0.9020
0.7484,0.9020
0.7489,0.9021
0.7495,0.9022
0.7500,0.9015
0.7505,0.9009
0.7511,0.9010
0.7516,0.9004
0.7521,0.8997
0.7526,0.8998
0.7532,0.8992
0.7537,0.8992
0.7542,0.8993
0.7547,0.8987
0.7553,0.8980
0.7558,0.8981
0.7563,0.8975
0.7569,0.8969
0.7574,0.8962
0.7579,0.8956
0.7584,0.8957
0.7590,0.8958
0.7595,0.8951
0.7600,0.8952
0.7605,0.8953
0.7611,0.8947
0.7616,0.8940
0.7621,0.8934
0.7627,0.8928
0.7632,0.8922
0.7637,0.8916
0.7642,0.8910
0.7648,0.8903
0.7653,0.8904
0.7658,0.8905
0.7664,0.8899
0.7669,0.8893
0.7674,0.8893
0.7679,0.8894
0.7685,0.8888
0.7690,0.8882
0.7695,0.8883
0.7700,0.8877
0.7706,0.8877
0.7711,0.8878
0.7716,0.8879
0.7722,0.8880
0.7727,0.8874
0.7732,0.8874
0.7737,0.8868
0.7743,0.8862
0.7748,0.8863
0.7753,0.8864
0.7758,0.8858
0.7764,0.8859
0.7769,0.8859
0.7774,0.8860
0.7780,0.8854
0.7785,0.8855
0.7790,0.8849
0.7795,0.8850
0.7801,0.8851
0.7806,0.8851
0.7811,0.8845
0.7816,0.8839
0.7822,0.8833
0.7827,0.8834
0.7832,0.8835
0.7838,0.8836
0.7843,0.8837
0.7848,0.8837
0.7853,0.8838
0.7859,0.8839
0.7864,0.8833
0.7869,0.8827
0.7874,0.8821
0.7880,0.8822
0.7885,0.8816
0.7890,0.8817
0.7896,0.8811
0.7901,0.8812
0.7906,0.8806
0.7911,0.8800
0.7917,0.8794
0.7922,0.8788
0.7927,0.8789
0.7932,0.8790
0.7938,0.8791
0.7943,0.8792
0.7948,0.8792
0.7954,0.8786
0.7959,0.8787
0.7964,0.8781
0.7969,0.8776
0.7975,0.8776
0.7980,0.8771
0.7985,0.8771
0.7991,0.8766
0.7996,0.8766
0.8001,0.8767
0.8006,0.8762
0.8012,0.8762
0.8017,0.8757
0.8022,0.8757
0.8027,0.8758
0.8033,0.8752
0.8038,0.8753
0.8043,0.8754
0.8049,0.8755
0.8054,0.8749
0.8059,0.8750
0.8064,0.8751
0.8070,0.8745
0.8075,0.8739
0.8080,0.8734
0.8085,0.8735
0.8091,0.8735
0.8096,0.8736
0.8101,0.8730
0.8107,0.8731
0.8112,0.8726
0.8117,0.8726
0.8122,0.8727
0.8128,0.8728
0.8133,0.8722
0.8138,0.8717
0.8143,0.8711
0.8149,0.8712
0.8154,0.8706
0.8159,0.8707
0.8165,0.8708
0.8170,0.8709
0.8175,0.8710
0.8180,0.8704
0.8186,0.8698
0.8191,0.8699
0.8196,0.8694
0.8201,0.8695
0.8207,0.8695
0.8212,0.8690
0.8217,0.8684
0.8223,0.8685
0.8228,0.8686
0.8233,0.8687
0.8238,0.8681
0.8244,0.8676
0.8249,0.8676
0.8254,0.8677
0.8259,0.8672
0.8265,0.8666
0.8270,0.8661
0.8275,0.8662
0.8281,0.8656
0.8286,0.8651
0.8291,0.8645
0.8296,0.8640
0.8302,0.8634
0.8307,0.8629
0.8312,0.8629
0.8318,0.8624
0.8323,0.8625
0.8328,0.8619
0.8333,0.8614
0.8339,0.8615
0.8344,0.8616
0.8349,0.8617
0.8354,0.8617
0.8360,0.8612
0.8365,0.8613
0.8370,0.8607
0.8376,0.8608
0.8381,0.8609
0.8386,0.8610
0.8391,0.8611
0.8397,0.8612
0.8402,0.8613
0.8407,0.8607
0.8412,0.8608
0.8418,0.8609
0.8423,0.8604
0.8428,0.8605
0.8434,0.8605
0.8439,0.8600
0.8444,0.8595
0.8449,0.8589
0.8455,0.8584
0.8460,0.8579
0.8465,0.8579
0.8470,0.8580
0.8476,0.8581
0.8481,0.8582
0.8486,0.8583
0.8492,0.8578
0.8497,0.8572
0.8502,0.8567
0.8507,0.8568
0.8513,0.8563
0.8518,0.8563
0.8523,0.8558
0.8528,0.8559
0.8534,0.8560
0.8539,0.8555
0.8544,0.8556
0.8550,0.8556
0.8555,0.8557
0.8560,0.8552
0.8565,0.8553
0.8571,0.8554
0.8576,0.8549
0.8581,0.8543
0.8586,0.8538
0.8592,0.8533
0.8597,0.8534
0.8602,0.8529
0.8608,0.8529
0.8613,0.8524
0.8618,0.8519
0.8623,0.8514
0.8629,0.8515
0.8634,0.8516
0.8639,0.8516
0.8645,0.8511
0.8650,0.8512
0.8655,0.8513
0.8660,0.8514
0.8666,0.8509
0.8671,0.8510
0.8676,0.8505
0.8681,0.8505
0.8687,0.8506
0.8692,0.8507
0.8697,0.8508
0.8703,0.8509
0.8708,0.8504
0.8713,0.8505
0.8718,0.8506
0.8724,0.8501
0.8729,0.8495
0.8734,0.8490
0.8739,0.8491
0.8745,0.8486
0.8750,0.8481
0.8755,0.8482
0.8761,0.8483
0.8766,0.8478
0.8771,0.8473
0.8776,0.8474
0.8782,0.8474
0.8787,0.8469
0.8792,0.8470
0.8797,0.8465
0.8803,0.8466
0.8808,0.8467
0.8813,0.8468
0.8819,0.8469
0.8824,0.8470
0.8829,0.8465
0.8834,0.8460
0.8840,0.8455
0.8845,0.8456
0.8850,0.8451
0.8855,0.8446
0.8861,0.8446
0.8866,0.8441
0.8871,0.8442
0.8877,0.8443
0.8882,0.8444
0.8887,0.8439
0.8892,0.8434
0.8898,0.8435
0.8903,0.8430
0.8908,0.8425
0.8914,0.8420
0.8919,0.8415
0.8924,0.8410
0.8929,0.8405
0.8935,0.8400
0.8940,0.8401
0.8945,0.8396
0.8950,0.8391
0.8956,0.8386
0.8961,0.8381
0.8966,0.8376
0.8972,0.8372
0.8977,0.8367
0.8982,0.8368
0.8987,0.8369
0.8993,0.8370
0.8998,0.8365
0.9003,0.8366
0.9008,0.8361
0.9014,0.8356
0.9019,0.8351
0.9024,0.8346
0.9030,0.8347
0.9035,0.8342
0.9040,0.8343
0.9045,0.8338
0.9051,0.8333
0.9056,0.8328
0.9061,0.8324
0.9066,0.8319
0.9072,0.8314
0.9077,0.8315
0.9082,0.8316
0.9088,0.8311
0.9093,0.8306
0.9098,0.8301
0.9103,0.8297
0.9109,0.8292
0.9114,0.8293
0.9119,0.8288
0.9124,0.8283
0.9130,0.8278
0.9135,0.8279
0.9140,0.8280
0.9146,0.8281
0.9151,0.8277
0.9156,0.8278
0.9161,0.8273
0.9167,0.8274
0.9172,0.8269
0.9177,0.8270
0.9182,0.8271
0.9188,0.8266
0.9193,0.8262
0.9198,0.8257
0.9204,0.8252
0.9209,0.8253
0.9214,0.8248
0.9219,0.8244
0.9225,0.8239
0.9230,0.8234
0.9235,0.8235
0.9241,0.8236
0.9246,0.8232
0.9251,0.8233
0.9256,0.8234
0.9262,0.8235
0.9267,0.8236
0.9272,0.8231
0.9277,0.8226
0.9283,0.8222
0.9288,0.8217
0.9293,0.8218
0.9299,0.8213
0.9304,0.8209
0.9309,0.8204
0.9314,0.8199
0.9320,0.8195
0.9325,0.8190
0.9330,0.8185
0.9335,0.8186
0.9341,0.8182
0.9346,0.8183
0.9351,0.8184
0.9357,0.8185
0.9362,0.8186
0.9367,0.8187
0.9372,0.8188
0.9378,0.8183
0.9383,0.8179
0.9388,0.8174
0.9393,0.8175
0.9399,0.8171
0.9404,0.8166
0.9409,0.8161
0.9415,0.8157
0.9420,0.8158
0.9425,0.8153
0.9430,0.8154
0.9436,0.8155
0.9441,0.8156
0.9446,0.8157
0.9451,0.8153
0.9457,0.8154
0.9462,0.8149
0.9467,0.8150
0.9473,0.8151
0.9478,0.8152
0.9483,0.8148
0.9488,0.8149
0.9494,0.8144
0.9499,0.8145
0.9504,0.8141
0.9509,0.8136
0.9515,0.8137
0.9520,0.8139
0.9525,0.8134
0.9531,0.8129
0.9536,0.8125
0.9541,0.8126
0.9546,0.8122
0.9552,0.8123
0.9557,0.8118
0.9562,0.8114
0.9568,0.8109
0.9573,0.8105
0.9578,0.8100
0.9583,0.8101
0.9589,0.8097
0.9594,0.8092
0.9599,0.8093
0.9604,0.8089
0.9610,0.8085
0.9615,0.8086
0.9620,0.8087
0.9626,0.8082
0.9631,0.8083
0.9636,0.8079
0.9641,0.8080
0.9647,0.8081
0.9652,0.8082
0.9657,0.8083
0.9662,0.8079
0.9668,0.8074
0.9673,0.8070
0.9678,0.8065
0.9684,0.8066
0.9689,0.8068
0.9694,0.8069
0.9699,0.8064
0.9705,0.8060
0.9710,0.8055
0.9715,0.8056
0.9720,0.8058
0.9726,0.8059
0.9731,0.8054
0.9736,0.8050
0.9742,0.8051
0.9747,0.8047
0.9752,0.8048
0.9757,0.8043
0.9763,0.8039
0.9768,0.8040
0.9773,0.8036
0.9778,0.8031
0.9784,0.8027
0.9789,0.8028
0.9794,0.8024
0.9800,0.8025
0.9805,0.8020
0.9810,0.8022
0.9815,0.8017
0.9821,0.8013
0.9826,0.8009
0.9831,0.8004
0.9836,0.8000
0.9842,0.8001
0.9847,0.8002
0.9852,0.7998
0.9858,0.7999
0.9863,0.7995
0.9868,0.7990
0.9873,0.7986
0.9879,0.7987
0.9884,0.7983
0.9889,0.7979
0.9895,0.7980
0.9900,0.7981
0.9905,0.7977
0.9910,0.7978
0.9916,0.7973
0.9921,0.7969
0.9926,0.7965
0.9931,0.7961
0.9937,0.7956
0.9942,0.7958
0.9947,0.7953
0.9953,0.7954
0.9958,0.7956
0.9963,0.7951
0.9968,0.7947
0.9974,0.7943
0.9979,0.7944
0.9984,0.7945
0.9989,0.7941
0.9995,0.7937
1.0000,0.7932
